{"acc": 0.884204089641571, "prec0": 0.9089421033859253, "prec1": 0.6158192157745361, "rec0": 0.9625019431114197, "rec1": 0.38399598002433777, "auroc": 0.8646707775743212, "auprc": 0.549564339574806, "minpse": 0.5289380976346251}